{"cameraMode":{"drawMode":0,"name":"Shaded","section":"Shading Mode"},"sceneLighting":false,"audioPlay":false,"sceneViewState":{"showFog":true,"showMaterialUpdate":false,"showSkybox":true,"showFlares":true,"showImageEffects":true,"showParticleSystems":true},"in2DMode":false,"pivot":{"x":0.11162528395652771,"y":0.1619773507118225,"z":-0.5260241031646729},"rotation":{"x":0.012347240932285786,"y":0.9870047569274902,"z":-0.12985211610794068,"w":0.09384898096323013},"size":2.8578836917877199,"orthographic":false}