{"cameraMode":{"drawMode":0,"name":"Shaded","section":"Shading Mode"},"sceneLighting":true,"audioPlay":false,"sceneViewState":{"showFog":true,"showMaterialUpdate":false,"showSkybox":true,"showFlares":true,"showImageEffects":true,"showParticleSystems":true},"in2DMode":false,"pivot":{"x":0.7437621355056763,"y":-0.12324322015047074,"z":1.1080594062805176},"rotation":{"x":0.28092998266220095,"y":0.568975031375885,"z":-0.21534068882465363,"w":0.7422763705253601},"size":1.1431535482406617,"orthographic":false}