{"cameraMode":{"drawMode":0,"name":"Shaded","section":"Shading Mode"},"sceneLighting":true,"audioPlay":false,"sceneViewState":{"showFog":true,"showMaterialUpdate":false,"showSkybox":true,"showFlares":true,"showImageEffects":true,"showParticleSystems":true},"in2DMode":false,"pivot":{"x":-1.4285985231399537,"y":0.9867919087409973,"z":-0.16193749010562898},"rotation":{"x":-0.09316901862621308,"y":0.8868200778961182,"z":-0.2046607881784439,"w":-0.40371230244636538},"size":11.800000190734864,"orthographic":false}